label,L,mean_phase_final,ret_matched,mean_task_gain,hot_frac_mean,max_mid_jump,commits_total,melts_total
PHASE,15,0.31117097,0.76081353,-0.09027826,0.92875,0.25982928,51,46
REGIME,15,0.30331713,0.9434246,0.036412507,0.8589583333333334,0.2876376,83,64
REGIME_B,15,0.31117097,0.76081353,-0.09027826,0.92875,0.25982928,51,46
TAGR,15,0.2798007,0.8763815,0.12255643,0.8230208333333333,0.22621346,100,73
FIXED,15,0.3050005,1.0180993,-0.057172917,0.72125,0.32393038,41,7
PHASE,40,0.08631463,0.83146316,0.020491727,0.7089453125,0.52654016,288,248
REGIME_B,40,0.08631463,0.83146316,0.020491727,0.7089453125,0.52654016,288,248
REGIME,40,0.08248587,0.85053104,0.14144957,0.528828125,0.56683517,332,271
TAGR,40,0.08512013,0.87445915,0.13720974,0.3980078125,0.57215995,406,345
FIXED,40,0.0848649,0.860591,0.16180116,0.3525390625,0.601519,70,6
PHASE,75,0.0653161,0.84079117,0.046101086,0.460875,0.5553181,458,396
REGIME_B,75,0.0653161,0.84079117,0.046101086,0.460875,0.5553181,458,396
REGIME,75,0.05509416,0.8442352,0.07572273,0.3091041666666667,0.59002537,401,339
TAGR,75,0.055137914,0.8492963,0.07199187,0.2809375,0.54849553,430,368
FIXED,75,0.05515781,0.84075105,0.06465266,0.2527083333333333,0.55376196,70,6
PHASE,150,0.013182545,0.8586399,0.4066763,0.203,0.6041767,282,218
REGIME_B,150,0.013182545,0.8586399,0.4066763,0.203,0.6041767,282,218
REGIME,150,0.011166527,0.8507593,0.32133088,0.10086458333333333,0.583155,132,68
TAGR,150,0.011249538,0.85359174,0.32537717,0.07536458333333333,0.7647161,127,63
FIXED,150,0.011600033,0.86886847,0.32148057,0.07358333333333333,0.6724401,71,7
