label,L,mean_phase_final,ret_matched,mean_task_gain,hot_frac_mean,max_mid_jump,commits_total,melts_total,melts_young,melts_deep,commits_young,commits_deep
PHASE,150,0.013182545,0.8586399,0.4066763,0.203,0.6041767,282,218,196,22,219,63
PHASE,15,0.31117097,0.76081353,-0.09027826,0.92875,0.25982928,51,46,21,25,24,27
MROUTE,15,0.31109634,0.76105815,-0.0903737,0.928125,0.26001096,53,47,26,21,24,29
MROUTE_A,15,0.3102195,0.8749015,-0.1055992,0.924375,0.25401092,53,42,23,19,25,28
FIXED,15,0.3050005,1.0180993,-0.057172917,0.72125,0.32393038,41,7,6,1,28,13
PHASE,40,0.08631463,0.83146316,0.020491727,0.7089453125,0.52654016,288,248,120,128,142,146
MROUTE,40,0.085733764,0.84073937,0.052508898,0.7065625,0.5279454,286,248,131,117,141,145
MROUTE_A,40,0.0855463,0.83889097,0.0015437976,0.656328125,0.5341482,282,224,101,123,137,145
FIXED,40,0.0848649,0.860591,0.16180116,0.3525390625,0.601519,70,6,3,3,22,48
PHASE,75,0.0653161,0.84079117,0.046101086,0.460875,0.5553181,458,396,206,190,231,227
MROUTE,75,0.06526021,0.84348136,0.03398498,0.496,0.5641585,455,398,239,159,234,221
MROUTE_A,75,0.06536089,0.83953726,-0.009322919,0.5315208333333333,0.547975,446,388,198,190,232,214
FIXED,75,0.05515781,0.84075105,0.06465266,0.2527083333333333,0.55376196,70,6,6,0,35,35
MROUTE,150,0.013182255,0.8580199,0.40790665,0.22747916666666668,0.6152432,289,225,210,15,253,36
MROUTE_A,150,0.013221072,0.8507388,0.40821972,0.25405208333333335,0.6404978,317,253,221,32,269,48
FIXED,150,0.011600033,0.86886847,0.32148057,0.07358333333333333,0.6724401,71,7,7,0,13,58
