label,L,mean_phase_final,ret_matched,mean_task_gain,hot_frac_mean,max_mid_jump,commits_total,melts_total,melts_young,melts_deep,commits_young,commits_deep,commits_phase_mean,commits_phase_max
PHASE,150,0.013182545,0.8586399,0.4066763,0.203,0.6041767,282,218,196,22,219,63,28.2,58
PHASE,15,0.31117097,0.76081353,-0.09027826,0.92875,0.25982928,51,46,21,25,24,27,5.1,12
QUOTA,15,0.3100579,0.75819814,-0.09046925,0.9294791666666666,0.26104057,50,43,21,22,23,27,5.0,11
QUOTA_A,15,0.31117097,0.76081353,-0.09027826,0.92875,0.25982928,51,46,21,25,24,27,5.1,12
FIXED,15,0.3050005,1.0180993,-0.057172917,0.72125,0.32393038,41,7,6,1,28,13,4.1,13
QUOTA,40,0.08580412,0.84465766,0.033363707,0.6690234375,0.5535433,283,237,113,124,141,142,28.3,40
QUOTA_A,40,0.08631463,0.83146316,0.020491727,0.7089453125,0.52654016,288,248,120,128,142,146,28.8,40
PHASE,75,0.0653161,0.84079117,0.046101086,0.460875,0.5553181,458,396,206,190,231,227,45.8,72
QUOTA,75,0.0653161,0.84079117,0.046101086,0.460875,0.5553181,458,396,206,190,231,227,45.8,72
QUOTA_A,75,0.0653161,0.84079117,0.046101086,0.460875,0.5553181,458,396,206,190,231,227,45.8,72
FIXED,75,0.05515781,0.84075105,0.06465266,0.2527083333333333,0.55376196,70,6,6,0,35,35,7.0,57
QUOTA,150,0.013182545,0.8586399,0.4066763,0.203,0.6041767,282,218,196,22,219,63,28.2,58
QUOTA_A,150,0.013182545,0.8586399,0.4066763,0.203,0.6041767,282,218,196,22,219,63,28.2,58
FIXED,150,0.011600033,0.86886847,0.32148057,0.07358333333333333,0.6724401,71,7,7,0,13,58,7.1,64
PHASE,40,0.08631463,0.83146316,0.020491727,0.7089453125,0.52654016,288,248,120,128,142,146,28.8,40
FIXED,40,0.0848649,0.860591,0.16180116,0.3525390625,0.601519,70,6,3,3,22,48,7.0,31
