label,L,mean_phase_final,ret_matched,mean_task_gain,hot_frac_mean,max_mid_jump,commits_total,melts_total,melts_young,melts_deep,commits_young,commits_deep,commits_per_tick_max,commit_ticks
PHASE,150,0.013182545,0.8586399,0.4066763,0.203,0.6041767,282,218,196,22,219,63,1,282
PHASE,15,0.31117097,0.76081353,-0.09027826,0.92875,0.25982928,51,46,21,25,24,27,1,51
BURST,15,0.3238672,0.7887907,-0.091242865,0.8905208333333333,0.2795835,60,48,24,24,33,27,3,56
BURST_A,15,0.2798007,0.8763815,0.12255643,0.8230208333333333,0.22621346,100,73,44,29,67,33,8,49
FIXED,15,0.3050005,1.0180993,-0.057172917,0.72125,0.32393038,41,7,6,1,28,13,6,25
PHASE,40,0.08631463,0.83146316,0.020491727,0.7089453125,0.52654016,288,248,120,128,142,146,1,288
BURST,40,0.08654076,0.85734123,0.12411043,0.470078125,0.6218575,451,393,207,186,194,257,7,251
BURST_A,40,0.08512013,0.87445915,0.13720974,0.3980078125,0.57215995,406,345,180,165,175,231,12,145
FIXED,40,0.0848649,0.860591,0.16180116,0.3525390625,0.601519,70,6,3,3,22,48,6,36
PHASE,75,0.0653161,0.84079117,0.046101086,0.460875,0.5553181,458,396,206,190,231,227,1,458
BURST,75,0.06495637,0.85053724,0.033539727,0.3323125,0.54417,475,414,197,217,222,253,8,335
BURST_A,75,0.055137914,0.8492963,0.07199187,0.2809375,0.54849553,430,368,190,178,240,190,19,173
FIXED,75,0.05515781,0.84075105,0.06465266,0.2527083333333333,0.55376196,70,6,6,0,35,35,7,33
BURST,150,0.013301747,0.8541593,0.22778468,0.13153125,0.60152006,157,93,71,22,109,48,9,105
BURST_A,150,0.011249538,0.85359174,0.32537717,0.07536458333333333,0.7647161,127,63,27,36,33,94,8,51
FIXED,150,0.011600033,0.86886847,0.32148057,0.07358333333333333,0.6724401,71,7,7,0,13,58,8,31
