label,L,mean_phase_final,ret_matched,mean_task_gain,hot_frac_mean,max_mid_jump,commits_total,melts_total,melts_young,melts_deep,commits_young,commits_deep,commits_per_tick_max,commit_ticks,commits_phase_mean,commits_phase_max
PHASE,150,0.013182545,0.8586399,0.4066763,0.203,0.6041767,282,218,196,22,219,63,1,282,28.2,58
PHASE,15,0.31117097,0.76081353,-0.09027826,0.92875,0.25982928,51,46,21,25,24,27,1,51,5.1,12
BQ50,15,0.30644432,0.9688099,-0.07388391,0.8717708333333334,0.31182683,67,48,31,17,48,19,6,39,6.7,12
BQ10,15,0.32038936,0.64525235,0.04386265,0.9611458333333334,0.16161436,31,27,15,12,18,13,2,17,3.1,4
FIXED,15,0.3050005,1.0180993,-0.057172917,0.72125,0.32393038,41,7,6,1,28,13,6,25,4.1,13
PHASE,40,0.08631463,0.83146316,0.020491727,0.7089453125,0.52654016,288,248,120,128,142,146,1,288,28.8,40
BQ50,40,0.08349765,0.84033096,0.04005041,0.4848828125,0.48229933,356,294,154,140,177,179,9,138,35.6,60
BQ10,40,0.08754632,0.83444667,-0.12303121,0.899296875,0.3987196,93,82,50,32,61,32,4,62,9.3,15
FIXED,40,0.0848649,0.860591,0.16180116,0.3525390625,0.601519,70,6,3,3,22,48,6,36,7.0,31
PHASE,75,0.0653161,0.84079117,0.046101086,0.460875,0.5553181,458,396,206,190,231,227,1,458,45.8,72
BQ10,75,0.054992013,0.85270905,0.052574046,0.6179791666666666,0.75866634,163,114,104,10,153,10,8,81,16.3,26
BQ50,75,0.055089075,0.85113853,0.08909812,0.28754166666666664,0.5788544,402,338,187,151,224,178,11,169,40.2,80
FIXED,75,0.05515781,0.84075105,0.06465266,0.2527083333333333,0.55376196,70,6,6,0,35,35,7,33,7.0,57
BQ10,150,0.011172444,0.8514307,0.30796722,0.18751041666666668,0.67141163,112,48,23,25,74,38,13,49,11.2,34
BQ50,150,0.011249538,0.85359174,0.32537717,0.07536458333333333,0.7647161,127,63,27,36,33,94,8,51,12.7,86
